status	path	src_sha256	program_src_sha256	notes
missing-in-program	.gitattributes	824a5321cb49fc3944ede5885deeac08c3597bd396277abc2a85708a5be4e940		none
missing-in-program	.gitignore	2753eb50d67f39c17879796e96f8515f45a50ff4cc147e9616afff477ac1d37f		none
missing-in-program	Drawcardlib.def	9cf47cb79bec65f990551caa75d5e6dc34bfac234998d9a97400b58ebd65c786		none
different	Expansions.h	a0861ccc3db13ea7642c7ebd0f04c8d531796527a43123c6376bbd78f6c47faa	d012650c9e37fb82dab79f9531d1bc74384bc099c2e1e6035bc976871076a421	none
different	Magic-trace.c	d89d64c9e410ef817670d654a8ebc2f670285cae2fa0bf341f6df3bf7bf31967	c80d40f40174d1af131225a57c14660302b79ba2bc8fa950e91d60b6066765ca	none
different	Makefile	de4891bebe08f9906e23f185d0a07a5cf421e4ca049e2003226ea2a0aaf617c6	63d5d03f5e22ce15234ebd521c57e7ace07b1fbb71160d2826b083fcbd134d52	none
different	Makefile-common	96887a8bd7cf746ec6ccdddb17e959ece3266286165d74e08022567e31b0f13a	e9ef511dbee5b8728557831c4779bbd79a9d6003a9c064a42642401407560525	none
different	Makefile-targets	4746f8770bcaac3b543e835a2a39747a02dbf081ceae895f62dcb2f6eab8cbf6	e355a82bb31935decc53f15d3f4f7b3f115a30f6a7d74eae3255eccd8ebbf47e	none
different	ManalinkEh.asm	228d09ecbcfc9e2e46ba70d30626653b53ce56f23e9ff1d9eb77633b75161d03	211ff72584163d5ae42882877f0cd0bcf0bde87a4fb5e734a6269b2262f398a4	none
same	ManalinkEh.def	e1c61eb7db010b408ca4e46dfb77eb71d166a78aac20aa63d2b79fc7da2464f0	e1c61eb7db010b408ca4e46dfb77eb71d166a78aac20aa63d2b79fc7da2464f0	none
same	ManalinkEh.mac	2177df5ff129fc172b2b13204f3cf6fcbdbea9b7a30ee7892e9577a2c84edd46	2177df5ff129fc172b2b13204f3cf6fcbdbea9b7a30ee7892e9577a2c84edd46	none
missing-in-program	build.pl	132568b928cfd9f3b623c1aa4396a075ac59a63ccbe2c0d93e763b20d63b01be		none
same	capturestackbacktrace.def	7f4c88c0c098cad70852d40475bf49b71a1573c33a5138ee3155a4c175c5a5b4	7f4c88c0c098cad70852d40475bf49b71a1573c33a5138ee3155a4c175c5a5b4	none
same	card_id.h	d9f91726070a7246602e0e6b3b1121d3db0681c3c1efb91d95ed6e365f2896e8	d9f91726070a7246602e0e6b3b1121d3db0681c3c1efb91d95ed6e365f2896e8	exact-match-required
missing-in-program	cardartlib/.gitattributes	909aad043be6525e532d5f86ad3d784d82fc392ecdcdab31485a3942ca7014a9		none
missing-in-program	cardartlib/.gitignore	b6e9c22b38b8da8ba6a6e3ad7a56408782328a2dc608096686574463b19dc421		none
same	cardartlib/CardArtLib.def	bf7fad46cc88a6e19dccdd44d7f3e6390196e9f699da21a54c92f8df4fb6efcd	bf7fad46cc88a6e19dccdd44d7f3e6390196e9f699da21a54c92f8df4fb6efcd	none
same	cardartlib/CardArtLib.h	1a387fed80b96cb9bffc8967cfa5c85b30eee2f2b8714d008d1fb7629b37d38c	1a387fed80b96cb9bffc8967cfa5c85b30eee2f2b8714d008d1fb7629b37d38c	none
different	cardartlib/Makefile	4f8a0020936030283d86f91af6f32dd9969e03215d1eef9a4f6459de232cb01d	b392f3e5af5e4b2766893c00a6d29f5e8ac291600ced3648369629c29267d93d	none
same	cardartlib/Makefile-msvc	f6483a2956249de787b8dc3348d8c2bdd09deaf99bf9697a4d4d38cd652e2ceb	f6483a2956249de787b8dc3348d8c2bdd09deaf99bf9697a4d4d38cd652e2ceb	none
missing-in-program	cardartlib/src/.gitattributes	fa1c3a1031c4c622a95e82c1cfaaa4c9840ee244686acac67a34f303bdbaf790		none
missing-in-program	cardartlib/src/.gitignore	95fa18fd1ef5ec464dc9b8f814bdab1e5a302513888e146902fad3dd1c40ff16		none
same	cardartlib/src/main.cpp	a4f723cf9912c1ed8da54d0ef1e44f8c4b4b0126aa0e558732c5ce21b8c2b510	a4f723cf9912c1ed8da54d0ef1e44f8c4b4b0126aa0e558732c5ce21b8c2b510	exact-match-required
missing-in-program	cards/.gitattributes	e15a07f1b88fd9f1d514ba92cc4cb1c152ef9d327bf7093d3d242d95d23ecf4d		none
missing-in-program	cards/.gitignore	16b73f20ee6913adf37b8aacf6a42410fa10695767896be6fc80056f51cb00e8		none
different	cards/alara_reborn.c	aae8bc245d5c0108d1e6d5de11473fffed07f84d9273fd8f3999715499d9bec4	0e4018d665998d03d8a5cb78530cc3f15a6b618f24e41018a431ec830bbb9ba4	none
different	cards/alliances.c	ae2f369a632e26f1ab10dcc87d484905022907ce76c98bec20dbea7d8b3ccc08	777dbc5ff7010854f82ee5912c799308ec734cde7d80e85e31392af5dda3564c	none
missing-in-program	cards/angels_feather.asm	475746c57318572d0769024484c77faac1069b264df2fd07b0282bbb1992ea9a		none
different	cards/antiquities.c	882610435dd05859cdbb9a585e103f821a8d1128249d086d898c58f6494ae3f6	9c33a76feb68efece8325d8dfc50cd646ca81d0e1e20637261f185f258968197	none
different	cards/apocalypse.c	7ee930429e13059691d76d9b2a0459fad66e02498faaf498f6161689bb676212	8cd41c39e36d25b1c64f410ee1bb0c3a48bc7711668706bc2b0752638d1da220	none
different	cards/arabian_nights.c	25ded322e1a2614bc58c1d0276b18642479e5feffbe7a25153041a7b823a971b	83e4a1b8884ee458abcecd8c0897680285cc0dc1d2c049598cdc21f6e8ed84bd	none
different	cards/archenemy.c	d6f94a75687834cbad02c5634b9e53cabc6ef33aaab9727465de1cf0a11d37ed	dae72915bcd25675c7368e73b317897cf825372a756cee8f0fb0e10a0968fb21	none
missing-in-program	cards/artifact_creatures.c	03ccdfa66ae01a7fb69a0deb310dad941bb087ab5baafbd9bb911ad549a4554a		none
missing-in-program	cards/artifacts.c	419d65c53955b97a173846a17a14c98b713914ff48df2787d9fdea7de633ef52		none
same	cards/auto_targets.c	e4bf4c186100bf72e55c5669606ded3a25260b98268617911bdb21c8dbeabada	e4bf4c186100bf72e55c5669606ded3a25260b98268617911bdb21c8dbeabada	none
different	cards/avacyn_restored.c	b8a6ee81c80e5b8ffceb6c84aeff1c12255fa78b8c4ee798a955ba0f56aff7af	c250a4158b7c9fcc9fac724d653ca3d81bca4d8f99d597a16fdefea02895db87	marker-checked
different	cards/battle_for_zendikar.c	291d1baf4d3f8403beff48551c05622aa3e1c70604beea34d6a001ae9f986155	f94a7dc81d1278161309481f377dfd16d318e0a6407f9cb127b9bbb22fd060c6	none
different	cards/betrayers_of_kamigawa.c	4e7fc70529b48bc167363ebadb686a0eba8ff3e80bd882509551f5e9468d270d	1c42d3c85810a8fbd64a320ccf920e68566a5cf08625396bf348c09003c54327	none
missing-in-program	cards/black_creatures.c	655c6e1137ee94de2b26b002627de5634a38fe37a4d12b107c988adc398b6dfd		none
missing-in-program	cards/black_enchantments.c	09e88c102c630199ea9a68acb447af16d27f2f051fc9a50fc788ffe2113ca2fc		none
missing-in-program	cards/black_oneshot.c	626b62b622cb57c6eac537475249f27fc2888a008c99b24b8d4fa3652273f423		none
missing-in-program	cards/blood_crypt.asm	73594e1cea323dc211bf74d2bd3259aa7f27bbd71972de147fba041ba9a608d9		none
missing-in-program	cards/blue_creatures.c	7c6bef2877fcf5d86c2b958f8256ffbabc38b99158df9b0d89f79e741f099b32		none
missing-in-program	cards/blue_enchantments.c	09187a407097945538a8b8fb4f8b7591dfb6ef0d854a19dae8c2081f29c5033f		none
missing-in-program	cards/blue_oneshot.c	80ce17df74692764af2506d420d37d790e664b1da0646b95c679a0138df6eb6f		none
different	cards/born_of_the_gods.c	ed218caeb002aa2323c3355c417f78c7c115c1af862959d94e2a5f40b36029f4	876a1abbe46d9bb87b8feccb4d74b854a3139fdfb26085791517b7b24b77ab40	none
missing-in-program	cards/breeding_pool.asm	445e295b2b1f6e1ca723d0e15a657b5e5d78229e9460e7081d9e76f6d0808eb5		none
different	cards/champions_of_kamigawa.c	63b69349fcf99f5d21a87fec66c210011150eef073ee182e8bad5ad54b060280	b45e091fe0e6c63a75d5df9106046aab0eac2630c468fae70242e3df60ef3666	none
different	cards/coldsnap.c	37d9e3d06c32286140f9a11d9b4eee934350e139295e25352edebc64d10d7951	87c765f93975923ab5e7e46826c3f0fdbac5aae110870e510847d48cfd4ad6b8	none
different	cards/commander.c	0775b18c9c70856eef8161a4f495a79e016df11e5b9fa313ce992804c09719cd	40a5be67aa414906af833a11adaeafe4bd481a4ed3e093a4e689d88aceb34652	none
different	cards/commander_2013.c	6bdd91bd64f3fde93d55eb720ed6c494cab139b852f81da36f028c859a18411b	6387c0a48b574f883539101d85d8e5970e9354305788c98ca43b0d1474a204dd	none
different	cards/commander_2014.c	0abdddb7e693457ffca0351bf86440085c03b9bb5478949184459d68f748dbd0	c1b606429c979aef76c7506f921270d4e52e419cfdd950930a0ed22895e3c9b3	none
different	cards/commander_2015.c	cca16b05f94b63e40fb2e3843c578d29d1aacb9a2348c761e47c24539ff5fa6c	f2fd05bff1cadd8303c92c1d25530644d6dc27e8eddeb3f991140f6c00b69c72	none
different	cards/conflux.c	05705efdc913752cfc3fd669e175eae3025494fd4cb026ee48d1bc9aeeca4f9c	43d7a1433b8b49de085bf4273a1bb7ab56810a0da3ed4d5a0520fa8c4466e83d	none
different	cards/conspiracy.c	9001d03f23278a284e1a9d2a920837a63da544adb09cf6283fccda989d4ee07c	12a1f32622ef3b417eac41e2cc1ab314181044c13482b2a12c5576f40e1a5189	none
different	cards/dark_ascension.c	b79d6944aa58a5123e6d2efd6b7335643f37d167ce1fa7bcfeef23f51f1a06bb	1f2a089de84ab0cbd5101d9158f211a7e7c961b4f910740662b4d4d1fd77a0af	none
different	cards/darksteel.c	7274a254371b3dd56bb19b108edbfc5da4daca5dbb72c26140013c85e08b40e0	6fc61eb1ba787f59030a3e79724cfcc74299b147d2de7357a05d661f68ebdf43	marker-checked
missing-in-program	cards/demons_horn.asm	4d8f33a6260816e31963b31c86cf0e545190594a59cabf0e43eff437f267bb6c		none
different	cards/dissension.c	60ebf5731fd0cfd967efc9ef7650fd3ac8c78501d3d9c36cac8023668c288a98	63d3b018abe7f72e41685ce750b10d79782e4b5fe2477106796c4cfc1371c70a	none
same	cards/draft.c	349027ed28eab7ade8d7c1e920c9073993e7d573f0889b0e6293a0218aef24c1	349027ed28eab7ade8d7c1e920c9073993e7d573f0889b0e6293a0218aef24c1	exact-match-required;marker-checked
missing-in-program	cards/dragons_claw.asm	a62ce0c54b2bb204cc7eb680720144ed4300ef388f68764ae5275db01b58a667		none
different	cards/dragons_maze.c	47285c19ec6175d25c874127abba4f2961622d3f3edece0a5cc208ec90110a20	79e8ddfdb778fc5c2446a5f1ae3f532b526c821bc1c42dfefba3cc10b71cf0c8	none
different	cards/dragons_of_tarkir.c	e35ce1fdc9efe8c823e06d9c98874d99d6a10a8bcc8fc80c08aab5f7bead2fc0	24f796347485015065a058c1383e6cff218d7950181b59209ff1b66bd3ed36a4	none
missing-in-program	cards/eldritch_moon.c	b7a04f0948bd7ad213ea26a1b31c0a9031914d7e230be3b172f4db65c81811ac		none
same	cards/equipment.c	28bb61e7725328fea91e3fa7814f9559690d41799d282d19ee3291cfe88cd877	28bb61e7725328fea91e3fa7814f9559690d41799d282d19ee3291cfe88cd877	none
different	cards/eventide.c	1fe13dec8eaf4007de29a0f5fe4b716a77943b05beda9491959c721e3539b98b	9fcca333f804fa87241be58abd0e8fd21513c66b3c51ebd7c9f6036223b0fc1c	none
different	cards/exodus.c	cd3d2a1f8c08f39f2df5c386fe578686bb8cdf1b2083add914f265560b155746	36ed1d1edde519e8cd7eeca7595e5a6d1bc82d5d3bc72fed403821ea16fae136	none
different	cards/fallen_empires.c	61f4ee9a8483ec37a865a618b5089ec513de7041835d93c1023e1088180d220a	d307a050c25b9af7be441a8a2d23dae0520820bf6f3b250ef75d1afd06fb488e	none
different	cards/fate_reforged.c	2c9f9bfe897a835284dda3a3e1da4233db567c5897ad3d3146e7aaeab02bd299	e76bf03b3a2f50c341d71d2f2b0f1d07c17fe3a8f59f52f7f790c25d1fbe88c8	none
different	cards/fifth_dawn.c	470e4d4f429cd05e1baa7bb2c87ac0171d45a213333149c76ab1556706e99800	51fd82d0dfa1b859b550e97ed420060529ded38eaa9cd3180901647dc387486a	none
different	cards/future_sight.c	b4d7d3de7d6c6e24dc4e22d81fba406d08601dbaa0b709181db4161c7059d8c0	187dc65e7e2417394f8515572d002498259f6d473b625860df5e87d32fd79e1d	none
same	cards/gargaroz.c	91020ccf15e7b89d7ad00b1f590c7f7289cfd64b575527541d2f74c51e2167f9	91020ccf15e7b89d7ad00b1f590c7f7289cfd64b575527541d2f74c51e2167f9	none
different	cards/gatecrash.c	b8b232e6e09fcdc795da4b37e71d0692b91c73b8954ca98b96e3cd5f6a312060	37bd01cf79ea00c372bf73f0c0846df4115a7508dd1f5d86c76ef25ceb5ee3c3	none
missing-in-program	cards/godless_shrine.asm	f03fe19bf6a921d1171372afb20a7e92bbf3811dd1ec0b41fc8140de38132fb1		none
missing-in-program	cards/green_creatures.c	a28db63ed54771bff9acc0d82c9d8002ebacafd42b3f82a39988926b7e9a60ac		none
missing-in-program	cards/green_enchantments.c	56d5201c9852cd79c05fbce472b3f9701891dc610efe576aaef1c0c9b6e30edd		none
missing-in-program	cards/green_oneshot.c	49a9ff164b6d54c65518332dd3784f424560da8036de451ec4bfe6def9bf86d0		none
different	cards/guildpact.c	96e397639b4f220cd3e44bddc133d75ad78fe511541a0cc93a995b650fb1d391	cacf77f9c2c062c5a32453147dcd38b5f8faaaf0f35e6da6c5353445a73cafe2	none
missing-in-program	cards/hallowed_fountain.asm	b2928a4e370eed9958841cb4699347b28d98c90095f257a350452a9e3743d3e1		none
different	cards/homelands.c	7a5be696d799d0efcf8fd5d7aefa4677dae0592d55f081fed37947bc5be989ce	e0f3767a2512087dd469ef5abf976e0b3c499ae81440397e0233afd1c6f62362	none
different	cards/ice_age.c	cff696a0ec233ebbf1c49ebae8b0e6b395c2fd741971084eb0fc3e66be23ec43	56c62439a7516cd42ff8d02775ac6e288063223e7c9704dc3e731949418bc4b7	none
different	cards/innistrad.c	ccb027f5a23f2e524676603e260eff323f33a253def03653b2e562fbaa6fe3fb	8c77d3d91f566a7ac5717dc9e835ceb2b769c2d1b064acbef6440f3d265b909c	none
different	cards/invasion.c	587a1f2390d2672503e535238f1eb8f8c5fe758b868f35fb11698d52b270740b	25ee9dcaf646748604a31f35cae994cd04f072de3c3b7c41c6de5bbda980cc51	none
missing-in-program	cards/jatill.c	97e960f90e348dd0fbf34c04f1d49cd9672229ec7151118ed01db4cc66983e7d		none
different	cards/journey_into_nyx.c	a6816007577982eef56dfa4072992abe024f7df70751c6146c9fb1a506ea995d	02e27a6d841abcd88f752c02fa3eb06f897ad3602f4b9d78b56b220249599de8	none
different	cards/judgement.c	1ba3e96af7db13db1a93e70374b4e535ea948820d510da875dbda9e48ba2e459	07975a7222806877015070896b4e1fa83185449b23d8fb40c863ffa42754a871	none
different	cards/khans_of_tarkir.c	d3fbfe44296c5f25ed9614fd9d9bbdc51c69251af33997cb60c819fcfb76ca8f	609fe23d305248019da6b6c419ba2643e15ce550fc3e4c477d3e999af3e0eb02	none
missing-in-program	cards/krakens_eye.asm	77bf4c8db6f9d6a9bf2c9d5200331d4921cb7c7dd9c76bd8722eac5860a256ce		none
missing-in-program	cards/lands.c	67bddd545b5bbdf1d487e2b9274376194b850cc31a49360b7bd2a371498ad213		none
different	cards/legends.c	98ba07feab274620b8479798c2d781430577eba03ee5f7f550622ca7c9965b74	8e8ba026f7d3e58a57cd95d456d8e551a7358dcaf4d3dde5b8c6c1010f931827	none
different	cards/legions.c	d06af437db3cba753176141267d61b6d2b0d76638e09c0439b644d7118e36676	5f93ca736511afa65e9dedb58967cf2f978521352a4876d9493ce42e51364e47	none
different	cards/lorwyn.c	5d1ad79693db79fba37c20e9b730de47fb8d4ae444edf6e43a438346b57be9d2	26b1d98cde34ff9db6acf2649015652d901a1951fbf11798eaf6326f7dca2a4d	none
different	cards/m10.c	dc293fbb88c8317c75461c89a193c11aebf258516d3623477c90d68af457861c	422429fc65ae96ab8411ab9f14df7584f31dc9bfda94e33ef9b7d0099f4ca246	none
different	cards/m11.c	05dde66bfac4b624e81c1b0d2859b5c788d294795ef835985852d7e95f9ddce5	66259901b7cebd78dca8ac05bc6b5d1346253c01f89c84763ced2f86aa27bc51	none
different	cards/m12.c	bd0cc0ff4349f9ba1632b05a22dc8013dcce2e8f515505b2aed4e4a4d06f61fe	3d66d41b26c8e1d5d15ce3dbf1edac15a08be1d4d33fa4c3fa566cd940e30fb5	none
different	cards/m13.c	c217cb0ea199407730564f9e924a123c925b71e8d13aebcf170e3123a160c124	dd3d0313703a0fc887ebfc6736c6fd974e66d1d0f5fb221bdecb7df3dddff7a1	none
different	cards/m14.c	2a5ea45c8397537d4727a697764402058c18a1c9b279809ca39ed5189d211994	17461c3051fa682a11fe7f4c17b8f8ef964f2ba2f2871735fe3c0f0f3620c96a	none
different	cards/m15.c	a93183a95aa9822270304a4fd6512bda31e4ef9048f1e2564a71bc0fe784971c	d28c9cc51068a2b1e1a4eae695f3778420e9d65a06a0d734e7c4c11731408a18	none
different	cards/mercadian_masques.c	aab024a89dd82e27943cb668bc54a382c6f23376665a3b37aa14a1de41b5b8fd	3f05f209628db45440437cc4b38e3710e414b2e5a9d36da625234442dc37e04e	none
different	cards/mirage.c	05811eb0891e5df9713f705c11aa4aa0e3fc8672b09c66185b7bd250c81bd0d1	1cd758a52d09d0880d88a7ff2624154b113f4609af77b4c7f415df4c29720b88	none
different	cards/mirrodin.c	1f64fa30f6ddd18322fc0ba259a125c74549fcbcea34e489c01c6d06d9a2c72d	16e201561667da979a10789936c9e1a8b323af5479ce6b787a967b3ed5dff53f	none
different	cards/mirrodin_besieged.c	8836413420cc837fb27ae725a9043022c9b6d594a1fd9fb1699c90cfa8d9aca4	80299c2bf38524a7b112f6b2fd726934d7146a16e6267f7c31e820bd9e248192	none
different	cards/morningtide.c	cc622ec205b6fdee8eaab786ad4c704bfdf6532d8badfb7de2dcfb4b2e27ede7	03ebf3930f4e215f9476286c1a21eee193ef1b0222ca2951419102354f280e8b	none
different	cards/nemesis.c	c427beba5686892b53eb4dcc9dd4929aa64e8b516cdfcbc11c88ba25957c0653	b4caa8e1b5f73b3ebecb15838b803dbbbe1c60d214c2420d63f3baac27141099	none
different	cards/new_phyrexia.c	d753bddef54a2cd62fea3f787c876eaf34685a51f876329cca63fe27c13e3221	cb759e98100419945ab7d38157d98e105ff7338aeeea5b9836208880b713d37c	none
missing-in-program	cards/oath_of_the_gatewatch.c	907d9d47ed8165dd8c4a0fc22ea4368bbea21bfc492035c8c05d28e4be6daa7d		none
missing-in-program	cards/obelisk_of_alara.asm	9b99787f71bc154a61450f9e7a65990e85a9f031f181ff40f7528a436766d553		none
different	cards/odissey.c	e15cadc542d297c4d9228ea4eb8081adc7b8d25dba885065bd728fbb779b4a34	e301b041c92ce4e5427ae3813f648aec62289665c439fbd94e8a86b6897d2736	none
different	cards/onslaught.c	a0d5ff53583473aac0473bf444a3fd05557928ac1856f0cc693ef3ab18894557	5d53dcb248565961a3cfe735e5984c1707a74ab5dda28606a5e1140c8100c403	none
different	cards/origins.c	cbd2cc7e4e3f418f392406df156012e97bb99359f75546bd38766f8ac760ca7c	afc757832c0ffaa93e0bd96b8f2c733fd8226aaaff34f49c1a32b760b0bb63a9	none
missing-in-program	cards/overgrown_tomb.asm	7f3990c625dbe75d2b039471ba38f63397ba31de64bfb05aa02ec528a94ffcca		none
different	cards/planar_chaos.c	f42e38a0fe765ab6dc37ced8f67c91f795341ac23ea3f6766d3e552f70fa69e3	4706d2d888abcd180751a09ac84531bdc375ab954be6f5c94ee078a786ca501b	none
different	cards/planechase.c	e492a68357c691f750798518c962ffd1212690d8fe3048e432931849c4e0889c	1a3e3a00d24bd08b486c4768e39a3c855c39c7e5ac5931c6d43d796f1424ae52	none
different	cards/planeshift.c	dcd7cdcddb78b7e375ecd1007bf240b83276c4b47d5a697f391108a539a7960d	5b2ed9234bcadae0a42228116f0abe9374fddb282573a667925140adf084a131	none
different	cards/planeswalker.c	781bcc4862d94db1f1e4c4801d7bf1cd54dc0e1cfa52f71ad6721055ec30f948	5fd6d4b4021eefb92c8583c1b6eaeb1823c4860554ba01553c74bde57ca69f58	none
different	cards/portal_1_2_3k.c	38c609e5ffa4942467598e2cf0771a1a62200b9818d687568d0180b502eca517	bfa6e9047523115b5e26feb74b875cf38d60d077f24389097e9e432fc98240be	none
different	cards/promo.c	05cebb398b505d0bdda21306427f40c706a2caccc029ef006ddc3071e5f386d2	b33dbd1408433c2784c5ac697aca7f254951e6901de1bd4d514e4633b25f81d8	none
different	cards/prophecy.c	225acf9f7e1d284b5074388c05080d5fdd5354c998fe52d227226f2d2172314a	e8394f388e116c4618360d0ecaf568708bd0be5e756165c050f71e2814c46f7d	none
different	cards/ravnica.c	c884419807faf0a00c6bb223b021b173ac3059e207f56451f9d94db52ed8d655	b842292c7b28dbb0db941d675bd5be8d67685e2f5138c5f046489167857e02ef	none
missing-in-program	cards/recoded_cards.c	158576f014e030d5bce471451260cf02d1c110836ef1836a61dab853cb673af0		none
missing-in-program	cards/red_creatures.c	5ec13e5e020aa943932a507985e91eedfe3268854dca79ba955f86e17dd49545		none
missing-in-program	cards/red_enchantments.c	dbf9f8d15b65e38a4a32903c264cee065af0d3c13b98c33ac76a5a289ac99ad3		none
missing-in-program	cards/red_oneshot.c	b57827ac1f062b9029d72e17fd620c331eeddb8d3981f52080130eb571b16183		none
different	cards/return_to_ravnica.c	5a0e9404c8f26a074e6dd31a647e1fec45c0fa0f5dbe27e38a48519b9138e514	371064640f55e08b1ba99dfe901ba039b669a05eb5c4b2e60aa1a80bb26e6061	none
different	cards/rise_of_the_eldrazi.c	99534b6126168ee2001f39162e678e5be2f6a0e6518b9e9d87282b7582997272	607dcaac5f4480ec4164156e8b2f63095d37569b915aee19c4bcd5bf28ea42a6	none
same	cards/sabertooth_nishoba.asm	a79b7de9e2f0cea63746cf821378a17ba724e5511f571842c5507358c5044509	a79b7de9e2f0cea63746cf821378a17ba724e5511f571842c5507358c5044509	none
missing-in-program	cards/sacred_foundry.asm	b9c0dcc58c7e2ff1bffa61e7f945e5927e2bae2030f00c3b807d7950ab8f337a		none
different	cards/saviors_of_kamigawa.c	ee9f6040d603b153d34892fb992fd3cbd39f2b6e8f8232f66650928eaae1ee5d	d8ac01c8450fcd209153f62ab45e4d346be7fc6636823a87b6dd9d71fc056e61	none
different	cards/scars_of_mirrodin.c	4f35ae478d767dd21698ed182829d48f7173cb1ece702d7d1036e05a15709467	15ece7405ca7e80495dd4ef8fc57e5b88d7a2d2f882f1fbb6c7807c6368a228c	none
different	cards/scourge.c	d1f30f5a7e3d2f7dbdab19a9c9a1db361949ca26c3f6fb87f7a0ed5bfb37aa9c	c9e5178792ecdf2e72247dbd17bef40a6bbe84be14e2e974e4c908273a10d432	none
different	cards/shadowmoor.c	aaa821ec469f35c9cf6383dd315a8b63f134b63d1cb819caa728edb7c18327e0	5f5a9a4d80bb894e2ed8d868632c842fcd2b4f1d2e38b5942f3b5a4d3858b032	none
missing-in-program	cards/shadows_over_innistrad.c	f0619d1e366c98386ff7c74cabf3d863ddb11a5cae591e635fe75bc19100068e		none
different	cards/shards_of_alara.c	c8ab233f0070687f6ab375510a63004f7b8e141f22b202fbee37c2bb950b6a45	3cec08373282b53ae67949afa87716cd835eeabfc159e68df7eabdb49591776d	none
missing-in-program	cards/steam_vents.asm	ef438dde32b5d58f6fbffba8835d26aea1cc9d83e4bc2944faf890f9428af133		none
missing-in-program	cards/stomping_ground.asm	8d7d50d64a9b072ffebf848a44af50e535ab447a00535d0303035b44f0ceb6a2		none
different	cards/stronghold.c	514f381e482ecaf18f86e4b0dbfa63774ef9e7bb0820bc8ea3350c58d943a331	9cbfc31e56b21a0716f54221f5af49fe2fc173fd3f5d00f0ed622f663c2f6753	none
different	cards/tempest.c	d5d79d552517ca859df2fe1c83bfae462af142c84a4efada06dc1a5175ee36dd	934f0410e509483999edd1e3027ce90e35d8509b8184d31b8e0a16db84fd2c8a	none
different	cards/the_dark.c	5ef1bf2c539325c1f1cde866a96cf87e87c22cfcb3be0055d55ef67883bd1bd2	233b204c42deddb8d8b12eaaa3154e4bf4f830587d6684a84db08bbdbb73a95a	none
different	cards/theros.c	c4fd54d19938e92a0e28e2ffb703f16c1a4282b2daa307209d81e21e0c907b44	6eef31ce1d6477ccd071b27a1d745f5c7d97418065e1628e6bd418ea1ea49f6c	none
different	cards/time_spiral.c	a9c532293b35b0c4aec4c41059d2dbdec7854dd2fd0db6ff265b0e4717a97f15	347bab06adf2f051679d06e657a191361255e865c74df67d2524edce5c16cc75	none
different	cards/tokens.c	ff4d79ad3b4d78c52ecb4b41b3f2251f6ba866982398d0b648ab93699131266b	f281168f6888d42cc0a0c9c6a8863eab999389b1bd68cd24ed847fe050a313bb	none
different	cards/torment.c	aa88476f28f52d04ee47587bf74fc796dade2d9ed7ffd0fb8ebc09c96207e237	cf61f2695aee2155c9967882b3a663e5da5370cf33693d4ac85b560ab490e01f	none
different	cards/unglued_unhinged.c	a9456a7d662d11cfc8a0d0b9686d239f617fd826166c71e3072c9d3fb026a7a5	ea8fba97b56f47e1ea89edb09160695ebc284aeca025dc83fbd632bb4a707864	none
different	cards/unlimited.c	ff25e0295394a0cd9f64db093c02c3cadfc30fc8aa093977d4256618cd19ff15	1f33e8266ab68ce9fceaf28c64869fefc89f35e2cde9d427bb0efa949cc19d68	none
different	cards/urza_destiny.c	56c5dcb0c6a5a5597ad610c40bd57d17ee7a0565efb2f28406b90a790249fa05	200b03f5e6410ae0486a77548cd1c6d16e80705931ab947306034a3574654a35	none
different	cards/urza_legacy.c	f83da7f792d75577a10aad8a6d272c986eb9260d94d79759dada09c05efba1f7	fee453a87644997e923361b368c2cbfd5b0898aa1cb030a9e3947861f911f915	none
different	cards/urza_saga.c	d42c499503e61aa34f386b829e962ea260d072cb9c4a497ff259c0e0abc3aa8f	718667fe3878954783d59448a2725f931427f86e56e415e4f9eb7cca5bea9794	none
different	cards/vanguard.c	a466acac8e9545f8dac67cdc1d2ad2d120634e945ec49dd05187279127592ae3	a8b058c144ccacd86b8ca37f1dd1f30424a0012120515a87cb3be622426b4781	none
different	cards/visions.c	4c414e036125b140bafcf91c8435ddbfa607dbbfee7f18ad8dad4273c6eb0521	17158dea506f1ab419fe33d8f50a187951bc5c9e28d301363f157895976b7a73	none
missing-in-program	cards/watery_grave.asm	3f294c00d52960e943e70ce39972b057ba1c4aa57da8e1464784f8d35b782ae0		none
different	cards/weatherlight.c	29dd881762bc65c1fbed1e2fb24243ae9f1a28a5f7c9350f290a559d034d4305	f93331983031d6c27190b454748c030ed741cd77c1416b0f1eaeb1a2a629a0c3	none
missing-in-program	cards/white_creatures.c	36fad0045ded501576c578581f673eec4e83f8fd3235ff916edb2269702cee9a		none
missing-in-program	cards/white_enchantments.c	d611d14bc368cbd664180a972e239f8fd320600e1a76db6fe874192c0440408a		none
missing-in-program	cards/white_oneshot.c	2c8bb26d67d0b45ed9db6b3c374fb4215ad6893257df1f126d50690b42e8092a		none
different	cards/worldwake.c	73afa3c0b5946b3b965cd6fc4203bf57a961f945c42fc1d8363af93772223f1c	426f1f5bb7d815cbb78104550e94bcef9fc1589ea5cea34c97a2c915930eb4ae	marker-checked
missing-in-program	cards/wurms_tooth.asm	1a1f84a64c2bc4c7adfe03bddc740706fda082bc82d2e4b901e488560404ec8f		none
different	cards/zendikar.c	14f95587be4f7a10ab5e54e39ba76768cec1f7a9bb37867bb7966c4bded56bfc	75e1ed14570c7f3ead1ef39dced94334ff87e7691a70f0632196feb3e6e8f458	marker-checked
missing-in-program	deck/.gitattributes	366a3c741946d1886b9402ff687955196dfabd4cc014602ea9cc56335bb797f9		none
missing-in-program	deck/.gitignore	88c3b4922462ff261019ee7cfb2a2a461440552d477b27f6d5e52b56123ab7b6		none
missing-in-program	deck/DeckDll.def	b0d10519e09d2bf4197505f9e9db97fef6ad8739b8cda454d78043d0992ef60d		none
missing-in-program	deck/Drawcardlib.def	14f3a7c7631d689aea4f704413a502c98549311ddb657399206dc5d34a6ed7f1		none
missing-in-program	deck/File.cpp	f5c4cd17e1306e85b3c18f5f6ef28cdb91bdd26c6ccbecd5f2f031a6a96c7fde		none
missing-in-program	deck/File.h	294a1426f7a0c9d2be9dfdc7823f34ca42adace48d02ccf10c1e45fb3021b9b9		none
missing-in-program	deck/Makefile	299595b4ae6557be9e12b3451e70a58a58e1675e8f493386d76a565c3019a055		none
missing-in-program	deck/deckdll.cpp	19c671993380b68d25f37fdddeb23996a704d7641914e38ebabf513f93a987bd		none
missing-in-program	deck/deckdll.h	43941628f484a72fbbfc88afc20b340ccb589c348c3194c90659f50697ef5c8a		none
missing-in-program	deck/deckdll.ico	f1877c5bfbb522d9437e83e70ae1a49590b55ccbde2440e6ba8d038ea72b1672		none
missing-in-program	deck/deckdll.rc	94a7ddbfa2d94d477eba91d705cd0d03e41ea563edee9aca2425f24865f1cba4		none
missing-in-program	deck/image.def	3cd38a50a02e19c8ee9f47ac54b09bde308568f625065a8555c00d0976a6bc72		none
missing-in-program	deck/resources.h	e9d71cf25101498eaeaa281a1ef5fef3e7b97664dfb9469cb0f651d769889557		none
different	defs.h	a57b411a00d8fcb794e03e160aecc6175ae168469d881f3b645980d3d823b4f8	53e727a02d5a1b92fc996f658c74b47a51f5da7c563fab2df176f25f1a24a9e3	none
missing-in-program	deploy.bat	ce550d2088eeb00c14706f0d60134b336575e7af13c824f1f382154bd8d0450d		none
same	dmp.pl	9ebe1a0b20539a552c52cca982a9d44dc26ef7c5c8cd5072f314ff5a33441e9a	9ebe1a0b20539a552c52cca982a9d44dc26ef7c5c8cd5072f314ff5a33441e9a	none
missing-in-program	drawcardlib/.gitattributes	155f345115dabead5c992424215660a533e69580a92e66a3a25f04c01003109a		none
missing-in-program	drawcardlib/.gitignore	cb630815c44fabf80c6f675d24ab30d421e9ec6387bc7569c54c70a4af6448c5		none
same	drawcardlib/Cardartlib.def	0325e0263e27f16743e6279249eca578ae5cb158d625c4a79389ee46b474cbaf	0325e0263e27f16743e6279249eca578ae5cb158d625c4a79389ee46b474cbaf	none
same	drawcardlib/Drawcardlib.def	9a8c53de15a8c83632f88b130c2bf13f92e4b8941af632f80317be9d0cbabdfd	9a8c53de15a8c83632f88b130c2bf13f92e4b8941af632f80317be9d0cbabdfd	none
different	drawcardlib/Makefile	9d7af94619a7d69020afeb57a9dc42afeba75958c6bed38cebd852e1ecb854b4	b0333a741392a5349ab70f477644c00c699a8cb60d9cc5324168cea98420a566	none
different	drawcardlib/config.c	60d89bb0497c9d1ec7dcf0a67695b3c961b811121f3833d8d4225bc2509381dc	5694a07752d169792d68b908b3b4ca33e05317704856a8d2b666b34a5c4bfb1d	marker-checked
different	drawcardlib/drawcardlib.c	1a32082e85505dbb1d4d93be4d2edff44074238964e592b292ea627eaa79ffb6	9ebb2b7163ea43d16802231d84b034eeb50edac32cb77baa658d00f778f0c0a3	none
different	drawcardlib/drawcardlib.h	3c87579b790813282d1cc8372a399b0d22e4088d64927419e77ce53aaf8dd484	06db1aff5f1e6a059c12c9df4f4e61b57d153b330ea89af08ae560318fcaa9b4	none
different	drawcardlib/drawcounters.c	9308de33c87e49e7960e09167ab6c57d7419280f10b2400aca76f243101ad09e	f80e2c38759ec68ad81cf77bb1e0289b7cea3d85481118510a8ae431d199bb6f	none
different	drawcardlib/drawfullcard.c	ae1e98738075a100b8c81625763e5ec162c1287520a541bf4dc76722c1ebb8fc	524c8f2a7786dde3157cbc0f01b6160969629d03070565471a3735f5a0895a8d	none
different	drawcardlib/drawmanatext.c	b347faa36a74ab725125fe40cb44fdee4371bdd550a3ebce18241e0935211a27	da06b9910faa6fbc5bd43cfe5c36c9d5832ac7ce7ce8174afcf1e33b9f73e7af	none
same	drawcardlib/gdiplus.h	6f474bcd36533839acca001de76ab496baf6b061aa824828a4760552fd52d65e	6f474bcd36533839acca001de76ab496baf6b061aa824828a4760552fd52d65e	none
same	drawcardlib/get_displayed_card_instance.asm	d23c4a83e436e362f519d9bfa649aac62647c14f6999efbad21cfbc7cc9e5311	d23c4a83e436e362f519d9bfa649aac62647c14f6999efbad21cfbc7cc9e5311	none
same	drawcardlib/image.def	3cd38a50a02e19c8ee9f47ac54b09bde308568f625065a8555c00d0976a6bc72	3cd38a50a02e19c8ee9f47ac54b09bde308568f625065a8555c00d0976a6bc72	none
missing-in-program	functions/.gitattributes	e15a07f1b88fd9f1d514ba92cc4cb1c152ef9d327bf7093d3d242d95d23ecf4d		none
missing-in-program	functions/.gitignore	c9f7dccaeb8ff1710514c6efad8dc81274003d29e9355018f7615219732f6f5c		none
different	functions/abilities.c	629a53b69be76a266bd1ad95b09b7255d2d06746393cd597a9f35916eb8a10d3	0d60ad14335d11d05230febb3e5c4cc0ecda0ccc930ab912d38617899f8da409	none
missing-in-program	functions/ability_effects.asm	876dec5aae07260a6bd6226a47005e41c6b28dfecb74c90043f5feba88b9ee0b		none
missing-in-program	functions/ability_icons.c	d6be0985ff6e573de4e98bad1ae81f887cc0d50c79b90868dc838d2cc08e91df		none
missing-in-program	functions/affect_me.c	2ca039751e91301910848d9d1244faf9a2c919ec2c8184c9352f87fadc42fd47		none
different	functions/ai.c	eaf41db16de8fa0930f0ed73186545f4f6cfb6e0fc2bbb9e28c6f9b45a69715e	f71c6884671e222d13593df081d6a1e86a4c752a1e53c544516f958e923f7ca0	none
different	functions/auras.c	7144100a4c332fb06e030b644baf1905b55dfc3e6eb97a2e969f3a22e36447a8	7bca5aaaa4590929b6df18ecd6a2d1f2e69f8a2597a4875db39b856fac1992ad	none
different	functions/boost_creature_type.c	f675bc9c8d149f28526a51a6da749eaa38bb03e39d9f2e0066faf2f6e4751d96	0791ce0be7217c6680831e88e69770a659201f3433fb0cef7274d1d9d437aaad	none
same	functions/call_card_fn.asm	1b881e11d7e176728d0a7a880321350922ce18c9fa2ea860719369102eac59fb	1b881e11d7e176728d0a7a880321350922ce18c9fa2ea860719369102eac59fb	none
different	functions/challenge_mode.c	510eb02c6196a081090a87b61a710e64e9bd17c76f7f05978f0f93b5435288c8	3183b556d1c684c0643162e8427b171b2a3216bdb9bf58142837a0ea917ebc72	none
different	functions/count_graveyard.c	60e742c8818faddfe26fd721dff1b479da7ee7f07d6e457ef247ec496bfcff46	255498092ca4142e387b08bbaf4acf9e1946f327476274c9f8c6aacc6b8548b8	none
different	functions/counters.c	0c52b2d79937c062cfdb9bb0352a5565e4592e336fa4e3d9369e354a209d42c8	5da36c9be99886a5bfa1fddbe3c61df6f262b3245e73c7059784d59535e7b04c	none
different	functions/damage_effects.c	18c292e046b11474784e641cdc95a28c884e5213378a648382f3ab57b50913c0	a32000f9417626bda287681fcfb4bb770ae9f3a1cd4624a3fd3633111f83ffa7	marker-checked
different	functions/deadbox.c	b4b5d0c49e814efab0552a90a0c7c843ca11884cb4b93bbb7bce979b05c32c38	1eed84e460d30b4b27552afae33213718d1ac4d4a112fa391c44a980603ecbae	none
different	functions/deck.c	ea90685eed63798c34cff3c05f863cc8467de3ba2b8087e8ef0e533b8f8223be	e513067263aac3db2f7f22c93339daee98f7cb21f902eae5705de54626840783	marker-checked
same	functions/dialog.c	64f19fc27efc717298ce09111c9791361cfccc3622b242be4c962698f5e8943c	64f19fc27efc717298ce09111c9791361cfccc3622b242be4c962698f5e8943c	none
same	functions/display_error_message.asm	f76c536016798e0a36b57a4e58c9983ff3959febdb12bcf6051e92109835e38f	f76c536016798e0a36b57a4e58c9983ff3959febdb12bcf6051e92109835e38f	none
different	functions/engine.c	a575cca988bc1cfcb822e3153f4835ad6f190451beb128d48e99e47d33b87aad	70b6d641aba251aa96f573ea5a6bbca83c4e511cf35969ed67766440522e1dcd	none
different	functions/equipments.c	ddd22bd77543ff95de7b67323a1caa329cfa9c43ce00213887de9d5db0e713e5	be9d72a3526b99d7996da6c465db40b06b5c24949187e19e4adc57081db97040	none
different	functions/events.c	269f752175bbfbdb6b753b283c831ed2b09290120f5a7b2189a15931fb4453cd	6b910f2de7ed7d24b186eb2df6c3354bfdd7fa5c6e07d7797560d8047021eaf1	marker-checked
different	functions/exiledby.c	c9b805e91a259c28abd983ee13c2096372892eb2d05ef6bfd33d54c616c87469	cc959cd4d22e7753c71b0bd4e388ecb42fc78c63903199173952b8689ad3b66b	marker-checked
different	functions/functions.c	f532e7dc783104fd94ca273a7714bed331f7ef6494036e05dc387026012f09fe	53e0f0b6fee4e026dd72413c768ea8877a096c699dcd2d97658bb43b397ab0c2	marker-checked
missing-in-program	functions/gain_control_and_legend_rule.c	2527b943c458a3361eff413e9ee59534d8ed5364eca57bc2e1f4774be8e16e56		none
missing-in-program	functions/generic_life_artifact_charm.asm	5f90f3928a8d2eec26e6c52574a520feed53dfac1a791ed2c8008be3d164bfc4		none
same	functions/generic_protection_from.asm	75b196566d4469c7bb7ea7ac2f2d12a40ed4120e064f185dce40980b3078f99e	75b196566d4469c7bb7ea7ac2f2d12a40ed4120e064f185dce40980b3078f99e	none
missing-in-program	functions/get_card_instance.asm	fac41c2640038647e5ab1b708dbeb31c2e4ba81cd38d03d22c8fce588291e455		none
same	functions/get_power.asm	eb90ea798036b33a944daf7c64ffd352c5639dd1b13419c8b8f236c005691276	eb90ea798036b33a944daf7c64ffd352c5639dd1b13419c8b8f236c005691276	none
different	functions/global_checking.c	6d803597425ad6dc8f5dcef48f6f845320a64865e90eed5854ebb3022914624c	a9f049fee69f66975d6b2208cf691d9271d69f3d8af02b725e80e3b3a454ad09	none
different	functions/has_creature_type.c	88ff84887a6a4ec6c920e557c320a5de72ae368e212f9c8a5ba70ead4522e1fe	84959793abc47e136ff6dec9c422cc74774d46d91b11e7a3ad55bc943fea988b	none
same	functions/has_threshold.c	4ed017f9588bf03ed39a8edee9fcdc4f101a62d883e62ccb302a63e6bd155d31	4ed017f9588bf03ed39a8edee9fcdc4f101a62d883e62ccb302a63e6bd155d31	none
same	functions/helper_functions.c	93ad37a6bdc1d1a8895da1e1b254bc830d35ac61ec2a916b1a3f7785effdb6e5	93ad37a6bdc1d1a8895da1e1b254bc830d35ac61ec2a916b1a3f7785effdb6e5	none
missing-in-program	functions/horsemanship.asm	3a8cfa3938cdb97bbb72a64e9326af10da4cc55296eb019698ad439f91315bc8		none
missing-in-program	functions/in_play.asm	01301e1ace193a099981d89d14338c4aff4ad10b686881feb11a3c57ee4f6908		none
missing-in-program	functions/jatill.c	e3b0c44298fc1c149afbf4c8996fb92427ae41e4649b934ca495991b7852b855		none
different	functions/manipulate_and_damage_all.c	eb4f8c92693547ef05c63b67f06266828f2fcafe36ae88ab41b6d6b32ef39e4f	abdf2febb4d3df8265ec671bbbf46340e7e5d794b73f81a0e3277faee0c7302e	marker-checked
different	functions/multiblock.c	61074818392d2afcefe66cd4a720cc5a285c285d8a3918a4c1ad92d7a7530498	256749bf924ad4554cef2a1139aeaaf205926c56ec5e835f6c544c250e0c5204	none
different	functions/play_spell_for_free.c	957503942819b157b6ec424edc93a9d71cd7ed17e51089a4085bc11e4cc93c8b	ed3b186a704f22f4075f2f2b545110861809ba3dd919fe21b13672a72195b7b3	none
different	functions/produce_mana.c	3702b6f6d9fd1f0f39baae1030023c55ad9170752b06d89c79ced42a3df99f45	3f75077b263626d356cdfb9afe6816e1afba3ae907fc6c3160cd0a0174846c82	marker-checked
same	functions/protection_from_black.asm	8254dedc3f19024d727e0fb51cb228663e2aa38725d6b20a11c89b23df3d94ac	8254dedc3f19024d727e0fb51cb228663e2aa38725d6b20a11c89b23df3d94ac	none
same	functions/protection_from_blue.asm	6f579caa558b29afbfd4642c945cda2500034e3ba21a9012d0b1544f83e8a863	6f579caa558b29afbfd4642c945cda2500034e3ba21a9012d0b1544f83e8a863	none
same	functions/protection_from_green.asm	7b81c830a38ed6b158015f870f20cb2ceba46ea6e9a66b16192a4fae6bf25de4	7b81c830a38ed6b158015f870f20cb2ceba46ea6e9a66b16192a4fae6bf25de4	none
same	functions/protection_from_red.asm	e49c71bfdc4a6dff9295bfb3ba28d9838d6745f48e7f52f7236f17cdb0547fde	e49c71bfdc4a6dff9295bfb3ba28d9838d6745f48e7f52f7236f17cdb0547fde	none
same	functions/protection_from_white.asm	96eacf99dbf39b4a8e823a2e4dc740ea0eba57fe7905f569962248744a870455	96eacf99dbf39b4a8e823a2e4dc740ea0eba57fe7905f569962248744a870455	none
different	functions/rules_engine.c	0763426eeca355cbf46a666bf5651b21c00acfa730fb9a8db6da5667fb906afd	6fc3989de521f53b6456266c9d739dba56543f94de79d1075731031e7337009e	none
different	functions/sacrifices.c	9d05153ab2095fc84217c3e2e44229917cfe320aa36f553706c095bf45392a17	ee2fbb317be538a73f279a66326bbb775e9ce0560724e7efcb2573cf17977e3f	none
same	functions/show_backtrace.c	4def8ba261c754f9a4c6a1965e8fc468a576d52ed4d1b3ee8a81ce12916e8122	4def8ba261c754f9a4c6a1965e8fc468a576d52ed4d1b3ee8a81ce12916e8122	marker-checked
different	functions/targets.c	50a4fd2387e605578e45e67a7b1cad816a6274cbbb78341585e08719e307010b	37aa74a005fa73b507d82294c37b95423ad8789c75a3f73a9579ad18ce90094f	marker-checked
different	functions/token_generation.c	d34354b0ddd3c81a3ed33ab57f5e876ed4a7337edce1ce892b8a0ef118b605c7	ff1576cbff4cf28d90bfe1016c685289274ddd0daff8e63d2b5c4d59deb618ef	marker-checked
different	functions/tutors.c	c61ca2a511b57e5506aed5e4337444543f6c1f2fdf89f0f6aca77efc30b84f65	ca7302754080d8c3e87969a55a5575a308e6bf0c0e8e345c01f227671c644a18	marker-checked
different	functions/upkeep.c	7f3bdd047b98bb8dc897db7e5453ec0e42b48847f72480ed4df22ffa8507efbc	c9b024ce2ce1478797ae891c41db9d34615b833dee89d0a41f6da4a1cdeee705	none
same	functions/utility.cpp	2d7fe4b31a3b02569c87d0e34e24484e3eb69c9fbab2efdbab885024d8b18502	2d7fe4b31a3b02569c87d0e34e24484e3eb69c9fbab2efdbab885024d8b18502	none
different	functions/windows.c	f8feef918291bffb95169ae088a533c6d94a330d18400d22f89bc4f864414bf3	d437e3b82ca1280a361ff7fd47d3ebc9b4ccdc0098fff7fa9952db2bcbd497df	none
missing-in-program	gui/allCards.java	117f541a21859de2edb5659460fea855a52a9cd46a8286c22f4e952f449ce862		none
missing-in-program	gui/codePair.java	71a67059a98d8720b35cbce776d12a3c563b5c4823ebe4079fba0ea03dc72ae5		none
missing-in-program	gui/duelCard.java	2bf01893c7427f211e2199b8e6f064f8b9203e855a0dfb61a42a4f1df65268d2		none
missing-in-program	gui/duelDeck.java	4d82f298f8cbe262c562355331a28caa1f6846e012cd3ed6c38261c239b050dd		none
missing-in-program	gui/gameCard.java	de282843629113fa6e2e3cc49660b13c058930074f70b389bad1089429a4bb5e		none
missing-in-program	gui/gameDeck.java	c1ad5654eda630a19d988e41a584bad6e7fe2d513bf410a81173554f30511148		none
missing-in-program	gui/prefGui.form	a32f1f7be353a30775311af8728fc820bc73130f0db6a764990b28f195a2c0b7		none
missing-in-program	gui/prefGui.java	8076678723af20f1ea77ef078c7871541cddf29eee401631b25231789a7a5105		none
missing-in-program	gui/tabbedGui.form	ecbd00108c7030efffae89386c2784fb46aca31b2f73a7e46d951a76061ca88e		none
missing-in-program	gui/tabbedGui.java	58e69e562542047608daadab66324d0e205731cd010d0b4474303650144229e4		none
missing-in-program	gui/testGui.form	d0385634f07fb9061a0c080cff0f1b5b5a31107586fbfe31160cbdb67e8a2050		none
missing-in-program	gui/testGui.java	a3c47c94ad77e33f8cab690c9d3897b95c0e5b0f30b273c34df39f2f91033687		none
missing-in-program	make.exe	1aa57760cf4020a12d4e8b89c6f4c300d7014c89109817f1b4dd78232bc5b0c2		none
different	manalink.h	a2111cb3233561b68230bd7c80a931d0d92bc231f551f5ed4ff90fa8658a9c80	c709d1280af94c0ac1367001d2f315c3379969ff8986f6b2a342c1a05dce5d96	none
different	manalink.lds	ea55d71d7dbe4c4684acd233f6a89327f4dacf79d1b5fdcd27fb411c72287db6	348e01ab6d1859986a0743201bd41c519a279731f71c6926123defe6d83a1a66	none
missing-in-program	manalinkex/.gitattributes	155f345115dabead5c992424215660a533e69580a92e66a3a25f04c01003109a		none
missing-in-program	manalinkex/.gitignore	e0c6fb3665540074531f8b38bcc8a49b22cb8712e068e7c29f21d6bae1cfdf81		none
missing-in-program	manalinkex/Makefile	3c8d79c46fbadaa42e0da36e8d69b4f01ae6f0a8ec7419fd48e87847f4e43451		none
missing-in-program	manalinkex/ManalinkEx.def	0aaa411d3f6a039d9e679a07848e03e2e581684e6192388aaf450bf5e6a3aca4		none
missing-in-program	manalinkex/manalinkex.c	0cbef902ecadb57827c9c0fd86b291309d15a795d5fde8601959ca1471c1812c		none
missing-in-program	patches/.gitattributes	32f10a4b4a38393214fa7ddb1c48bacbdc0b79bcfe76172955050c7574c07738		none
missing-in-program	patches/.gitignore	a5270f91138fc2bb5470ecb521dab043140d7e0fd8cb33bb0644ac13efb60fe7		none
same	patches/Makefile	47ca308d7258c8f700f1afbccd21babf067a46bd9eb05716d05b5fdc40c04112	47ca308d7258c8f700f1afbccd21babf067a46bd9eb05716d05b5fdc40c04112	none
different	patches/Manalink/Patch.pm	42bc869c8c2ba7eb359e133aa8e2386ab1a7260bef0344624c07722e97d8e62d	6304d41aef468b0963d92ef5c5b80904c95a8df6a372e7a59d92cd5e6dc389dc	none
same	patches/patch.h	287566dc25c12c5ddcdc195f2355587032a2c00efaa773fb45583a4a726c07de	287566dc25c12c5ddcdc195f2355587032a2c00efaa773fb45583a4a726c07de	none
same	patches/patch_ai_opinion_defender.pl	d2e414a215761b0fd6efc3dbdd3af8c1cac3038b501dd5d9fcb2d7b472ba8493	d2e414a215761b0fd6efc3dbdd3af8c1cac3038b501dd5d9fcb2d7b472ba8493	none
same	patches/patch_always_dispatch_events.pl	8a5f9e5dafc5217381152554b2853307565949ab270ee0b58e339e4d9f547753	8a5f9e5dafc5217381152554b2853307565949ab270ee0b58e339e4d9f547753	none
same	patches/patch_always_set_tapped_for_mana_color.pl	46a6f1d23f1b4f24e49ce8a6584eab8d1c0807cd03f60af142510059fb590b70	46a6f1d23f1b4f24e49ce8a6584eab8d1c0807cd03f60af142510059fb590b70	none
same	patches/patch_attach_equipment.pl	9e049819e8c1b6b586884bfb679895f5130ccbcbcbaa8337344f4ad60f481308	9e049819e8c1b6b586884bfb679895f5130ccbcbcbaa8337344f4ad60f481308	none
same	patches/patch_autotap_artifacts_and_creatures.pl	46507e1fb324311bca9a98a7806d1810ed77508e1878bb758c83b25680e4ec48	46507e1fb324311bca9a98a7806d1810ed77508e1878bb758c83b25680e4ec48	none
same	patches/patch_change_ai_time.pl	61488bcb2062d3191b5c362964c30071ca74ab577a693f49d014e8455213d8f9	61488bcb2062d3191b5c362964c30071ca74ab577a693f49d014e8455213d8f9	none
same	patches/patch_change_ai_time_540.c	52c9ab7f9229f98ba8d732f2e801bef710d08cdeb43308ded1e6a8c269c4a0b0	52c9ab7f9229f98ba8d732f2e801bef710d08cdeb43308ded1e6a8c269c4a0b0	none
different	patches/patch_charge_mana.pl	54a3046627e5645fc181c5c83ce7535d6326ba89aea9deca37d9519c5985e7e6	355396b97f9fbcfcd214370b0ea4279e8d3f588e6636e519bab61c4afb6e1f22	none
same	patches/patch_charge_mana_can_activate.c	2e124c15cb9f47c08c71e65639636efe4f8d0f78e4642933b82267d4f84c5a62	2e124c15cb9f47c08c71e65639636efe4f8d0f78e4642933b82267d4f84c5a62	none
different	patches/patch_charge_mana_can_activate.pl	c1bcd86831a726080b08b30bf479c36532124d898bc475fe03419f8d2cad84d8	63496e1a926d823d0d9370308c121f8ba7eb40890d4b2442e58d892db4644c2a	none
same	patches/patch_choose_a_card_accelerator_for_gold.pl	860285f8db12fedb8945594518bd2d533ea75394196c4e9c132b6d519f52384a	860285f8db12fedb8945594518bd2d533ea75394196c4e9c132b6d519f52384a	none
different	patches/patch_copy_to_display.pl	50c36f860d3e1ccbfed59f0b087b62d9da437bcae2f111fae67a944d528fc1b2	a5759d3e47dbc914495922af47d70e3cf8e3ec38076869ce64063fe1201799fe	none
same	patches/patch_counters.pl	6b5b6d979a64e45e2604435974bc3fc0b723d51e916bdc193665eac49754d90d	6b5b6d979a64e45e2604435974bc3fc0b723d51e916bdc193665eac49754d90d	none
same	patches/patch_create_card_instance.pl	c9a7db5a0a927d0b5ffe2cc536df3cca07f0d4e4440f1fe00df47be9189980c9	c9a7db5a0a927d0b5ffe2cc536df3cca07f0d4e4440f1fe00df47be9189980c9	none
same	patches/patch_deckdll_dll.pl	c0bdf1305a8e2edcd5258f140e656db03eb29e28b9656dc1701d059ba2d09805	c0bdf1305a8e2edcd5258f140e656db03eb29e28b9656dc1701d059ba2d09805	none
same	patches/patch_disable_validate_loaded_game.pl	0299658f255203705d01fc4321f4857c26f67116ef5d86d6ee192121d9c21b4d	0299658f255203705d01fc4321f4857c26f67116ef5d86d6ee192121d9c21b4d	none
same	patches/patch_dispatch_trigger.pl	3c63d3eeadeab06cec83b5ef8237dd6e5139bd7aab023e11ac3833fb6cc74974	3c63d3eeadeab06cec83b5ef8237dd6e5139bd7aab023e11ac3833fb6cc74974	none
same	patches/patch_do_dialog_hook.pl	ff52a76afd2e9e419beae210b1bd2fcbdfe601851c12c6e418b9af4673745cb3	ff52a76afd2e9e419beae210b1bd2fcbdfe601851c12c6e418b9af4673745cb3	none
same	patches/patch_dont_draw_counters_on_planeswalkers.pl	51564f91c39597d7be150f311823dcbc5829a4e0662cefc965ad433bc57e88ba	51564f91c39597d7be150f311823dcbc5829a4e0662cefc965ad433bc57e88ba	none
same	patches/patch_dont_increase_lands_played_when_put_on_bf.pl	d8687c65a397e7c9f293f452cbad78e2964c615abc0186c3ebad5ea1b85c03d1	d8687c65a397e7c9f293f452cbad78e2964c615abc0186c3ebad5ea1b85c03d1	none
same	patches/patch_dont_trigger_bounce_permanent_on_gy_to_hand.pl	9efa20a5b1c9e5a2c8554412062db833d452d2bf780fd15fa63a0dd901d9f70b	9efa20a5b1c9e5a2c8554412062db833d452d2bf780fd15fa63a0dd901d9f70b	none
different	patches/patch_drawfullcard_drawsmallcard_color.c	3a8eb05308c5877032fdde269ee9bb67f1ec10a2f6a18a20ad109aa9b2421089	045cee6be0b95b64753561c44270410dc26dd1a2533a55e426181265ad05f091	none
different	patches/patch_drawfullcard_drawsmallcard_color.pl	cb22fad2f4f653b1fa4c0e655be3c89f57bd9314168cb3de62afaddeb6001d09	90b059edd95a0b9beb3c149aa86eba62937aae13f931980207346faec9b6ef3e	none
same	patches/patch_duel_start.pl	dc02acc93a02da4cb4c10affdc0d40047e80bc58785bbbe2fcce8d1e0503d961	dc02acc93a02da4cb4c10affdc0d40047e80bc58785bbbe2fcce8d1e0503d961	none
same	patches/patch_effect_card_pass_pc_to_drawcardlib.pl	0b2d6e1b83b9b219160bbf4ce6a00de190b4c1d35a910de4d223931e9ba79fc7	0b2d6e1b83b9b219160bbf4ce6a00de190b4c1d35a910de4d223931e9ba79fc7	none
same	patches/patch_effect_card_text_replace_pipe_n.pl	fb4a13fab8931e22453f59b68c6b38dc9784be206499a7edb0e47906e8e8af5b	fb4a13fab8931e22453f59b68c6b38dc9784be206499a7edb0e47906e8e8af5b	none
same	patches/patch_empty_mana_before_changing_phase.pl	3fbf878d07540bf5c5a1d8530e8820f6cdffcefc2abec9c7d7768883601154da	3fbf878d07540bf5c5a1d8530e8820f6cdffcefc2abec9c7d7768883601154da	none
missing-in-program	patches/patch_experience_counters.pl	845997ec0f4b37e65936f8d85cdc836343897d13cb08c117fc599fa3bea5634a		none
same	patches/patch_firebreathing.pl	e8f30dfb5f9f620fd81875848c896de4b5d82a829243ad41ebcdcb013bf54eb4	e8f30dfb5f9f620fd81875848c896de4b5d82a829243ad41ebcdcb013bf54eb4	none
same	patches/patch_fix_discard_trigger_prompt.pl	04d80adf8a5668ac26cfe6fd13d56a5e6ea6afd514231702da76912a461b35e6	04d80adf8a5668ac26cfe6fd13d56a5e6ea6afd514231702da76912a461b35e6	none
missing-in-program	patches/patch_hooks.pl	0e46462a116f939581803fc78f927d182730bfe7a5a9dd4ced4b6dfa3da513f2		none
different	patches/patch_icons.pl	8b39f4d9e20f65b025b2e5d446d440c0f7a8e431d7b06c8fb7c19734fcb0ec02	a739ad37cdea1075b7fd6f5e86a494e395ad6ebeb488a08c3fda23a2951b7485	none
missing-in-program	patches/patch_iid16384.pl	ec533aa247ae8ddc109b76eaca8be691c2be7c1057b207a7ee3ea1f09df8ce1f		none
same	patches/patch_inspired.pl	fb284e1ea4a6e70b0c2ee3e0d80ed0b3a0ff55db701863427d55099c9667dba3	fb284e1ea4a6e70b0c2ee3e0d80ed0b3a0ff55db701863427d55099c9667dba3	none
same	patches/patch_legacy_name.c	659c860f6d49d22c5748f19d7bb1f29d44e2c2d3544699a23bdaa67f2cd984ee	659c860f6d49d22c5748f19d7bb1f29d44e2c2d3544699a23bdaa67f2cd984ee	none
same	patches/patch_legend_rule.c	3e814a63cd4d85515ccf376d0357d6d988593e46ebc51dd952b88ea6e4eaf660	3e814a63cd4d85515ccf376d0357d6d988593e46ebc51dd952b88ea6e4eaf660	none
same	patches/patch_make_manasource_interrupts_interruptible.pl	9f8773b967e05985c4f2f852528a472d8f739c2eba864692d6760fdf10481ba7	9f8773b967e05985c4f2f852528a472d8f739c2eba864692d6760fdf10481ba7	none
different	patches/patch_move_into_c.pl	fcf6b08db192d466a94800f88fcbe7b994799458845551f8c5f693e485efcd62	8f52cce935431c25d813776dfda29ab4f9453dd6e94b52016b15a654478851bf	none
same	patches/patch_multiblock.pl	bbb973a7d7548d4a75001dc49fc85feb9979779058a90c235ea81ca2a4bcf32d	bbb973a7d7548d4a75001dc49fc85feb9979779058a90c235ea81ca2a4bcf32d	none
same	patches/patch_multitype_lands.pl	094b6cc9a2b6847bba7528933c32bdbf7d22cbcffb89311bdf17ac4330f20ca9	094b6cc9a2b6847bba7528933c32bdbf7d22cbcffb89311bdf17ac4330f20ca9	none
same	patches/patch_not_in_combat_window_if_no_longer_attacking.pl	8b83032ef801e0787eed69f9a0e39f4e4fbd6f607e57fe2da83374057b7c935d	8b83032ef801e0787eed69f9a0e39f4e4fbd6f607e57fe2da83374057b7c935d	none
missing-in-program	patches/patch_orphan_manalinkex.pl	97c8ef49cc222d35525881f62819aba9baef2a6be053eafcd8112aef9700d0f1		none
same	patches/patch_recalculate.pl	1185c8a589f75ddfbd73a3607984f531b9e5c1240aba7d3d6b62b1112c629761	1185c8a589f75ddfbd73a3607984f531b9e5c1240aba7d3d6b62b1112c629761	none
different	patches/patch_resolve_activation_during_charge_mana.pl	33d494a0ff2b67bfe74532fbf137197c4968a168840da17ad39ac16ccb51b92c	7cc2794ce30c316dff53cb243bf0cce84410a49dbc27873b71b138d53bcdb1b3	none
same	patches/patch_save_or_load_supplement.pl	04ba933e9e3e28979dcf884b0625547563a2c037bde1d45fc2ea846d78c2b73f	04ba933e9e3e28979dcf884b0625547563a2c037bde1d45fc2ea846d78c2b73f	none
same	patches/patch_shandalar_dll.pl	daf54bd212e3b4b8dc1a0e258b068bf935e37441f155eccf100338e5ba5d5a28	daf54bd212e3b4b8dc1a0e258b068bf935e37441f155eccf100338e5ba5d5a28	none
same	patches/patch_smallcard_size.pl	193fc3bf92621d444b32a14d15605d0d2996c41824c0aaf5251f844a857a1a36	193fc3bf92621d444b32a14d15605d0d2996c41824c0aaf5251f844a857a1a36	none
same	patches/patch_tap_enchantments.pl	aafde2859887d8deed602785f1c28ab4f42744d943f6c9f3160f0cf6a896f075	aafde2859887d8deed602785f1c28ab4f42744d943f6c9f3160f0cf6a896f075	none
different	patches/patch_tapped_to_play_ability.pl	cbcc4106079dd34a1c689b143d9f0ce47c72f4086f765c2abf3cb7b75d3b3ab0	e503f41ff15aa31f4314c68a3b36a7f0af9994be37c773480d706c1bec526134	none
same	patches/patch_targets.pl	058eb05aac4a6ea6a202041356e08f9d26a19bb932c5cfc0fbc355c336754db4	058eb05aac4a6ea6a202041356e08f9d26a19bb932c5cfc0fbc355c336754db4	none
same	patches/patch_undo_declared_attacker.pl	dc5cac4b3f492125b9023c07c34a0ea6b22156af45c1dc9a339df5ff5834b669	dc5cac4b3f492125b9023c07c34a0ea6b22156af45c1dc9a339df5ff5834b669	none
same	patches/patch_untap_phase.pl	84957ad0c5f3b383256bcfea2e54d5991999c42d4c29636b5573911bb7599e8e	84957ad0c5f3b383256bcfea2e54d5991999c42d4c29636b5573911bb7599e8e	none
same	patches/patch_wndproc_CardClass_hook.pl	091f86904c0c4532de25e0259754c620e6706cc72fff4cd8bc03932c24072a73	091f86904c0c4532de25e0259754c620e6706cc72fff4cd8bc03932c24072a73	none
same	patches/patch_x_cost_artifacts.pl	7bc2c56ae31f7e39e920a3a5a45521930c46091eb038ec0c2e997b02599d8886	7bc2c56ae31f7e39e920a3a5a45521930c46091eb038ec0c2e997b02599d8886	none
missing-in-program	stypes.h	8e29ce4426051d896785956fa844f26cfb6ffde1a0d5a509201bdbde8f481bd9		none
different	subtypes.h	e92cc07456ab63e841783113ee78e10a679151cf90ec0fa3f502b13889a30560	f1619a4b477dda1bf83d814d14fc00f082ca4faa9d80af3582e74137358b82b4	none
same	yasm.exe	0f21ebbc8ca131a870d33b31086b52e062cabc152007df4f3ac44888a1ff6ec1	0f21ebbc8ca131a870d33b31086b52e062cabc152007df4f3ac44888a1ff6ec1	none
